{
  "model_name": "CatBoost",
  "threshold": 0.1,
  "accuracy": 0.89,
  "precision": 0.8413793103448276,
  "recall": 0.8992628992628993,
  "f1": 0.8693586698337292,
  "auc": 0.918720038450224,
  "accuracy_opt": 0.56,
  "precision_opt": 0.47975460122699387,
  "recall_opt": 0.9606879606879607,
  "f1_opt": 0.6399345335515548,
  "auc_opt": 0.918720038450224,
  "training_date": "2026-07-04T20:32:52.567266",
  "features_count": 27,
  "scaler_mean": [
    55.03261632539,
    94.97325773971751
  ],
  "scaler_scale": [
    7.979162155841214,
    1.46960604896435
  ],
  "top5_features": [
    "SMOKING",
    "ENERGY_LEVEL",
    "THROAT_DISCOMFORT",
    "BREATHING_ISSUE",
    "OXYGEN_SATURATION"
  ]
}