seriesuid,probabilidad,coordX,coordY,coordZ
1.3.6.1.4.1.14519.5.2.1.6279.6001.321935195060268166151738328001,0.9976867437362671,74.942551,-24.51708178,-251.93690925
1.3.6.1.4.1.14519.5.2.1.6279.6001.141149610914910880857802344415,0.9982637763023376,-101.2865903,25.894137705,-107.26297115
1.3.6.1.4.1.14519.5.2.1.6279.6001.192256506776434538421891524301,0.8660635948181152,-30.0011470702,-132.943979234,-39.9208626927
1.3.6.1.4.1.14519.5.2.1.6279.6001.174692377730646477496286081479,0.9980826377868652,-58.9746606375,52.572865059,-58.8503637845
1.3.6.1.4.1.14519.5.2.1.6279.6001.261700367741314729940340271960,0.019975291565060616,21.02,2.8,-89.14
